Kategorie,Titel,Link,Details
Für Kita-Kinder,Große für Kleine,https://www.iska-nuernberg.de/zab/grossefuerkleine.html?PHPSESSID=1lv9ejssidn7kk0u2cdl4kt3dp,"Große für Kleine
Die Große für Kleine - Ehrenamtliche Monika
              Jacob beim Vorlesen im Hof der Kita MIO (Foto: Tanja
              Elm)
Mit vielseitigen Aktivitäten bereichern
              Freiwillige vom Zentrum Aktiver Bürger (ZAB) den Alltag der Kinder
              in Nürnberger Kindertagesstätten.
Freiwillige unterstützen bei der Sprachförderung durch
              dialogisches Lesen, schenken Zeit bei Spielen und Ausflügen,
              ermuntern bei den Hausaufgaben, begeistern beim gemeinsamen Kochen
              und entwickeln kreative Ideen für jede Jahreszeit.
Über 200 Freiwillige sind bereits in den Nürnberg
              Kindertagesstätten ehrenamtlich aktiv. Sie hören zu, fühlen mit
              und lassen die Kinder an dem teilhaben, was sie selbst begeistert.
Kita und Freiwillige gemeinsam
Außerdem erhalten einzelne Kinder oder kleine Gruppen durch
              Engagierte mehr Aufmerksamkeit. Freiwillige verkörpern Ausdauer,
              Hingabe sowie Geduld und geben Kindern das Gefühl: „Ich habe Zeit
              für dich. Du bist mir wichtig.“
Die „Großen“ werden durch Fortbildungen und Erfahrungsaustausch
              sowie Gespräche mit der Ansprechperson in der Kindertagesstätte
              gestärkt. Zudem werden sie während ihres Engagements von einem
              Hauptamtlichen betreut und begleitet.
Verpflichtung zum Schutz der Kinder
Der Schutz von Kindern und Jugendlichen steht in diesem Projekt
              klar im Mittelpunkt. Alle Freiwilligen müssen vor Beginn ihres
              Einsatzes ein erweitertes polizeiliches Führungszeugnis abgeben.
              Ein ausführliches Kennenlerngespräch findet statt, in dem auch das
              Thema grenzachtender Umgang mit Minderjährigen besprochen wird.
              Dies dient gleichsam zum Schutz vor Verdacht der Freiwilligen.
Weitere Informationsquellen
Eine Broschüre mit weiterführenden Informationen und Portraits
              von einigen ehrenamtlich Aktiven aus dem Projekt finden sie
hier (PDF 6,2 MB)
Im Leitfaden
Große
                für Kleine (PDF 0,8 MB)
finden Sie ausführliche
              Informationen zum Thema bürgerschaftliches Engagement in
              Kindertagesstätten.
Ansprechpartner
Ralph Zitzelsberger
Vanessa Vogel
zitzelsberger@iska-nuernberg.de
vanessa.vogel@iska-nuernberg.de
Tel. (09 11) 92 97 17-17/-16
Home
|
Über uns
|
Kontakt
|
Mail-Infos
|
Impressum
|
Datenschutz"
Für Kita-Kinder,Kulturfreunde,https://www.iska-nuernberg.de/zab/kulturfreunde.html?PHPSESSID=1lv9ejssidn7kk0u2cdl4kt3dp,"Kulturfreunde
Im Germanischen Nationalmuseum werden Kinder und
              Eltern zu Entdeckern (Foto: Tanja Elm)
Kulturfreunde unterstützen die kulturelle
              Bildung in Kindertageseinrichtungen. Gemeinsam mit einer
              Erzieherin planen und begleiten sie Familienausflüge und wecken
              das Interesse an den kulturellen Angeboten in Nürnberg.
Die ehrenamtlich engagierten Kulturfreunde ermöglichen kleinen
              Gruppen aus Kindern und Eltern Einblicke in unbekannte
              Kultur-Welten. Bei Theater-, Museums- und Konzertbesuchen gibt es
              viel Neues zu entdecken und unbekannte Stadträume zu erkunden.
              Kulturfreunde ist ein Ehrenamtsprojekt für
              Kindertageseinrichtungen in Stadtteilen mit
              Entwicklungspotential.
Das Projekt nutzt die Lebenserfahrung kulturbegeisterter
              Menschen, öffnet die etablierten Kultureinrichtungen, erweitert
              den Erfahrungshorizont der Kinder aus den Kindergärten und Horten
              strukturschwacher Stadtteile und ermöglicht ihnen und ihren Eltern
              kulturelle Teilhabe an der lebendigen lokalen
              (Kinder-)Kulturszene.
Kooperation mit der Stadt Nürnberg
Das Projekt wird gemeinsam organisiert von der Stabsstelle
              Bürgerschafltiches Engagement im Referat für Jugend, Familie und
              Soziales der Stadt Nürnberg und vom Zentrum Aktiver Bürger (ZAB).
Kulturfreunde – ein Projekt, das Impulse setzt und ermöglicht
              wird durch die  Triumph-Adler-Stiftung ""Triumph für Kinder"".
Ansprechpartnerin
Nina Aigner
aigner@iska-nuernberg.de
Tel. (09 11) 92 97 17-18, 0157 37 560 390
Home
|
Über uns
|
Kontakt
|
Mail-Infos
|
Impressum
|
Datenschutz"
Für Kita-Kinder,Mentoring und Lernpaten,https://www.iska-nuernberg.de/zab/mentoring.html?PHPSESSID=1lv9ejssidn7kk0u2cdl4kt3dp,"Sprach- und Lesementoring in Kindergärten und Horten
Unser Ehrenamtlicher Klaus Barowski bei der
              Hausaufgabenbetreuung im Hort Hopfengartenstraße (Foto: Martin
              Paul)
Ehrenamtliche Mentor*innen unterstützen Kinder
              mit erhöhtem Förderbedarf im Bereich Sprache und Lesen durch 1:1
              Förderung. Sie besuchen ihren Mentee in der Regel mindestens
              einmal die Woche für mindestens eine Stunde in einem Kindergarten
              oder Hort.
Sprache als Schlüssel zur Welt
Unsere ehrenamtlichen Mentor*innen begleiten jeweils ein Kind im
            Bereich „Sprach- und Leseförderung “ möglichst für ein Jahr und
            gerne nach Absprache länger. Auffälligkeiten in den Bereichen
            Sprachverständnis, Ausdrucksfähigkeit und Lesekompetenz bei Kindern
            häufen sich, immer mehr Kinder brauchen Unterstützung in der
            Sprachentwicklung und beim Lesenlernen.
Sprachliche Fähigkeiten ermöglichen es dem
            Kind, sich und seine Befindlichkeiten auszudrücken, sich in der Welt
            zurechtzufinden und sich Wissen anzueignen. Die verbesserte Sprach-
            und Lesekompetenz stärkt das Selbstbewusstsein und erleichtert es
            dem Kind, weitere Lernerfahrungen zu machen und Beziehungen zu
            anderen Kindern aufzubauen. Nicht zuletzt ist die sichere
            Beherrschung der Sprache auch ein wichtiger Schlüssel zu schulischem
            und später beruflichem Erfolg.
Mentoring ist mehr als Nachhilfe
Die Mentor*innen nehmen sich Zeit für ein einzelnes Kind, können
              in Ruhe gegenseitiges Vertrauen und eine Beziehung aufbauen und
              durch positives, anerkennendes und humorvolles Miteinander zum
              Lesen und Sprechen motivieren. Das Kind merkt: Hier nimmt mich
              jemand wahr und ernst.
Sprachlernsituationen können praktisch überall und jederzeit
              stattfinden. So können die Kinder auch beim gemeinsamen Basteln,
              Singen, Tanzen etc. gefördert werden, indem bewusst
              Gesprächsanlässe geschaffen werden und zur sprachlichen
              Interaktion angeregt wird. Wichtig ist in jedem Fall, dass das
              Kind mit seiner Lebenswelt, seinen Themen und seinen Fragen im
              Mittelpunkt steht. Unsere Mentor*innen gehen auf die individuellen
              Bedürfnisse, Interessen, Fähigkeiten und Schwierigkeiten des
              Kindes ein um es bestmöglich zu unterstützen.
Die Mentor*innen werden sowohl durch das ZAB als auch durch eine
              Ansprechperson in der Kita pädagogisch begleitet und unterstützt.
Verpflichtung zum Schutz der Kinder
Der Schutz von Kindern und Jugendlichen steht in diesem Projekt
              klar im Mittelpunkt. Alle Freiwilligen müssen vor Beginn ihres
              Einsatzes ein erweitertes polizeiliches Führungszeugnis abgeben.
              Ein ausführliches Kennenlerngespräch findet statt, in dem auch das
              Thema grenzachtender Umgang mit Minderjährigen besprochen wird.
              Dies dient gleichsam zum Schutz vor Verdacht der Freiwilligen.
Wenn Sie sich in unserem Mentoring-Bereich engagieren möchten,
              wenden Sie sich bitte an Herrn Zitzelsberger oder an Frau Vogel
              vom ZAB.
Förderung durch Stiftungen und das bayerische Sozialministerium
Das Projekt wird gefördert durch das Programm
              ""eins:eins_Patenschaften"", das die Landesarbeitsgemeinschaft der
              Freiwilligenagenturen Bayern mit Mitteln des bayerischen
              Staatsministeriums für Familie, Arbeit und Soziales koordiniert.
              Weitere Unterstützer sind die Erwin-und-Monika-Telle-Stiftung
              sowie die Bürgerstiftung Kerscher.
Ansprechpartner
Ralph Zitzelsberger
Vanessa Vogel
zitzelsberger@iska-nuernberg.de
vanessa.vogel@iska-nuernberg.de
Tel. (09 11) 92 97 17-17/-16
Home
|
Über uns
|
Kontakt
|
Mail-Infos
|
Impressum
|
Datenschutz"
Für Zuwanderer,"Sprachvermittler in der
                  Kinder-, Jugend- und Familienhilfe",https://www.iska-nuernberg.de/zab/sprachvermittler.html?PHPSESSID=1lv9ejssidn7kk0u2cdl4kt3dp,"Sprachvermittlung in der Kinder-, Jugend- und Familienhilfe
Freiwillige Kulturerklärerinnen bei einer internen
              Fortbildung. (Foto: Tanja Elm)
Die Sprachvermittler/innen vom Zentrum Aktiver
              Bürger bieten Unterstützung bei Gesprächen in
              Beratungseinrichtungen der Kinder- Jugend- und Familienhilfe.
Die Sprach- und Kulturvermittler des Zentrums Aktiver Bürger
              (ZAB) helfen in diesem Projekt Familien mit Migrationshintergrund,
              Asylsuchenden und Geflüchteten bei der Kommunikation mit
              Institutionen der Kinder- und Jugendhilfe vor Ort. Sie beherrschen
              Deutsch und mindestens eine andere Sprache flüssig. Sie übersetzen
              nicht nur Wort für Wort, sondern sind ein wichtiger Brückenbauer
              zwischen den Kulturen.
Die stadtweite Koordination erfolgt durch einen hauptamtlichen
              Ansprechpartner. Fortbildungen und Austausch unterstützen das
              Engagement der Ehrenamtlichen.
Unser Sprachvermittler-Team ist wichtiger Baustein für die
              Integration von Zugewanderten in die Nürnberger Stadtgesellschaft.
Wir vermitteln derzeit in folgenden Sprachen:
albanisch, amharisch, arabisch, aramäisch, assyrisch, bosnisch,
              bulgarisch, dari, englisch, farsi, französisch, griechisch, hindi,
              italienisch, kroatisch, kurdisch, mazedonisch, paschtu, polnisch,
              portugiesisch, punjabi, rumänisch, russisch, serbisch, sorani,
              slowenisch, spanisch, tschetschenisch, tigrinia, türkisch,
              turkmenisch, ungarisch, ukrainisch, urudu, vietnamesisch,
              weißrussisch.
Förderung
Dieses Projekt wird durch die Stadt Nürnberg gefördert.
Ansprechpartner
Hassan Khalaf
khalaf@iska-nuernberg.de
Tel. (09 11) 92 97 17-27
Home
|
Über uns
|
Kontakt
|
Mail-Infos
|
Impressum
|
Datenschutz"
Für Zuwanderer,"Peer aktiv! -
                  Muttersprachliche Beratung für Familien mit
                  Migrationserfahrung",https://www.iska-nuernberg.de/zab/peeraktiv.html?PHPSESSID=1lv9ejssidn7kk0u2cdl4kt3dp,"Peer aktiv! - Muttersprachliche Beratung für junge Familien
Eine Mitarbeiterin im Südstadtforum
              Service und Soziales, berät eine Familie zusammen mit einer
Im Projekt ""Peer aktiv!"" unterstützen
              Freiwillige bei der Beratung von jungen Familien mit Migrations-
              und Fluchterfahrung, wenn Sprachbarrieren bestehen. Die
              Freiwilligen sind als Sprachvermittler/innen regelmäßig im
              NOA-Laden im Südstadtforum vor Ort und begleiten die Klient/innen
              auch bei Gesprächen in anderen Einrichtungen.
Kooperationsprojekt mit der NorisArbeit (NOA)
In Kooperation mit der NorisArbeit (NOA) sind Freiwillige aktiv
              als Peerberater/innen mit eigener Migrationserfahrung,
              Begleiter/innen zu weiterführenden Beratungseinrichtungen und v.a.
              als Botschafter/innen für das Ehrenamt als Form der Teilhabe und
              Integration.
Der NOA-Laden im Südstadtforum dient als Anlaufstelle für 
              Familien in schwierigen Lebensumständen, die dort gezielte
              Ansprache und Begleitung erhalten. Die Klient/innen erhalten neben
              Babyerstausstattungen und Spenden niedrigschwellige Erstberatung
              rund um Sozialleistungen, zu Leistungen der Kinder- und
              Jugendhilfe sowie Angebote zur Sprach- und Integrationsförderung.
              Der Großteil der Klient/innen hat Migrations-/Fluchterfahrungen
              gemacht und verfügt über wenig deutsche Sprachkenntnisse.
Unterstützung der Fachkräfte in mehreren Sprachen
Die Peerberater/innen des ZAB sprechen Deutsch und mindestens
              eine andere Sprache flüssig. Sie übersetzen und vermitteln bei
              Beratungsgesprächen der sozialpädagogischen Fachkräfte im
              NOA-Laden. Wenn sich aus der niedrigschwelligen Erstberatung eine
              weiterführende Beratung in einer anderen Einrichtung der Kinder-
              und Jugendhilfe ergibt, begleiten die Freiwilligen die Familien
              auf Wunsch auch dabei.
Im NOA-Laden sind vor allem Freiwillige mit arabischen und
              kurdischen Sprachkenntnissen aktiv. Wenn andere Sprachen benötigt
              werden, können Freiwillige aus dem großen Team der
              ZAB-Sprachvermittler/innen hinzugezogen werden.
Beitrag zur Integration
Die Freiwilligen leisten einen wichtigen Beitrag zur Integration
              von Neuzugezogenen und Bedürftigen in die Nürnberger
              Stadtgesellschaft. Mit ihrem Einsatz handeln sie auch als v.a. als
              Botschafter/innen für das Ehrenamt als Form der Teilhabe und
              Integration.
Dieses Projekt wird im Rahmen des Programmes ""Miteinander leben""
              der Landesarbeitsgemeinschaft der Freiwilligenagenturen (lagfa
              Bayern e.V.) aus Mitteln des Bayerischen Staatsministeriums für
              Arbeit und Soziales, Familie und Integration gefördert.
Gefördert durch:
Ansprechpartner
Hassan Khalaf
khalaf@iska-nuernberg.de
Tel. (09 11) 92 97 17-27
Home
|
Über uns
|
Kontakt
|
Mail-Infos
|
Impressum
|
Datenschutz"
Für Senioren,Wohnraumberatung,https://www.iska-nuernberg.de/zab/wohnraumberatung.html?PHPSESSID=1lv9ejssidn7kk0u2cdl4kt3dp,"Beratung zur Wohnraumanpassung
ZAB-Freiwillige unterstützen Menschen dabei,
              auch bei Pflegebedürftigkeit in der eigenen Wohnung zu leben.
Die Beraterinnen und Berater geben Hilfestellung bei Umbau sowie
              Modernisierung der Wohnung und unterstützen ebenso bei der Suche
              nach geeigneten Hilfsmitteln zur Bewältigung des Alltags. Auch der
              Umbau einer Badewanne zur einfach begehbaren Dusche oder der
              Einbau eines Treppenliftes wird begleitet.
Qualifizierung der Ehrenamtlichen
Wer sich als Wohnberater/in engagieren möchte, wird vor dem
              Einsatz in einer dreiteiligen Basisqualifikation auf das
              Aufgabenfeld vorbereitet.
Öffentlichkeitsarbeit
Ein Teil der sehr verantwortungsvollen Tätigkeit besteht auch in der
            Öffentlichkeitsarbeit: Durch zahlreiche Vorträge wird in der
            Bevölkerung ein Bewusstsein für die Problematik und die
            Möglichkeiten der Hilfe geschaffen.
Kooperation mit Fachstellen
Im ""Kompetenznetzwerk Wohnungsanpassungsberatung (KOWAB)"" arbeiten
            wir  u.a. mit dem Seniorenamt der Stadt Nürnberg, dem
            Pflegestützpunkt, dem VdK und der Handwerkskammer Nürnberg für
            Mittelfranken (HWK) zusammen. Dadurch ergibt sich eine umfassende
            fachliche Unterstützung der freiwilligen Beraterinnen und Berater.
Flyer Wohnraumberatung
des Pflegestützpunktes
              der Stadt Nürnberg
Ansprechpartner
Wolfgang Neumüller
neumueller@iska-nuernberg.de
Tel. (09 11) 92 97 17-21
Home
|
Über uns
|
Kontakt
|
Mail-Infos
|
Impressum
|
Datenschutz"
Für Senioren,3000 Schritte,https://www.iska-nuernberg.de/zab/dreitausendschritte.html?PHPSESSID=1lv9ejssidn7kk0u2cdl4kt3dp,"3.000 Schritte Spaziergang
Seniorengruppe beim Spaziergang durch den Stadtteil
              St.Johannis (Foto: Tanja Elm)
Die Ehrenamtlichen des Zentrums Aktiver Bürger
              organisieren wöchentliche Spaziergänge mit Seniorinnen und
              Senioren in ihrem Stadtteil.
Das Angebot 3.000 Schritte richtet sich an ältere Menschen, die
              nicht (mehr) sportlich tätig sind und/oder mit dem Rollator gehen.
              Die Teilnahme ist kostenlos und erfolgt auf eigenes Risiko.
              Benötigt werden lediglich dem Wetter angepasste Kleidung und
              bequeme Schuhe.
Miteinander in Bewegung
Bewegung und soziale Kontakte im Alter halten fit und gesund. Der
              kleine Ausflug – in gemächlicher Geschwindigkeit – dauert ca. eine
              Stunde und führt die Teilnehmer durch Grünanlagen und/oder
              Wohngebiete des jeweiligen Stadtteils. So werden die Spaziergänger
              motiviert, sich auch im höheren Alter regelmäßig zu bewegen. Einen
              festen Termin in der Woche, der soziale Kontakt untereinander und
              die regen Unterhaltungen während des Spaziergangs empfinden die
              Teilnehmer als schön und anregend. Man lernt sich kennen und freut
              sich aufeinander.
Bereits vier aktive Gruppen – weitere Standorte erwünscht
In Nürnberg werden vom ZAB bereits vier Seniorenspaziergänge
              angeboten: In Langwasser, im Faberpark, in der Gartenstadt und der
              Weststadt. Wer in weiteren Stadtteilen Spaziergänge organisieren
              möchte, erhält beim ZAB tatkräftige Unterstützung dabei.
Ansprechpartnerinnen
Sabrina Kühn
sabrina.kuehn@iska-nuernberg.de
Tel. (09 11) 92 97 17-18
Nina Aigner
aigner@iska-nuernberg.de
Tel. (09 11) 92 97 17-18
Home
|
Über uns
|
Kontakt
|
Mail-Infos
|
Impressum
|
Datenschutz"
Für den Stadtteil,Aktiv im Stadtteil,https://www.iska-nuernberg.de/zab/fuerdenstadtteil.html?PHPSESSID=1lv9ejssidn7kk0u2cdl4kt3dp,"Für den Stadtteil
Handysprechstunde im Mehrgenerationenhaus
              Schweinau (Foto: Tanja Elm)
Das ZAB fördert bürgerschaftliches Engagement
              mit einem besonderen Schwerpunkt in Galgenhof/Steinbühl und St.
              Leonhard/Schweinau.
Wer sich engagieren möchte, kann das auch in der Nachbarschaft
              tun. Hier setzt das Projekt ""Aktiv im Stadtteil"" an: In St.
              Leonhard/Schweinau und Galegenhof/Steinbühl unterstützen wir den
              Aufbau von Freiwilligen-Projekten und beraten vor Ort
              interessierte Bürgerinnen und Bürger sowie Einrichtungen zum Thema
              Ehrenamt.
Engagement für nachbarschaftliches Ehrenamt
Wir arbeiten eng mit den Stadtteilkoordinatorinnen und
            -koordinatoren, dem Quartiersmanagement und gemeinnützigen
            Einrichtungen vor Ort zusammen. Gemeinsam entwickeln wir passende
            Angebote für bürgerschaftliches Engagement und stellen den Kontakt
            zwischen Freiwilligen und Einrichtungen her. Deshalb können sich
            auch Einrichtungen an uns wenden, die mit Ehrenamtlichen
            zusammenarbeiten wollen.
Beispiele für Möglichkeiten, sich im Stadtteil zu engagieren:
Entwicklung von Stadtteilprojekten
Aufbau von Nachbarschaftstreffs und Nachbarschaftshilfe
Mehr-Generationen-Angebote
Ehrenamtliche Eltern/Kind-Angebote
Handy-Sprechstunde für Seniorinnen und Senioren
Engagement für Geflüchtete und mit Geflüchteten
Ansprechpartnerinnen
Sabrina Kühn
sabrina.kuehn@iska-nuernberg.de
Tel. (09 11) 92 97 17-18
Nina Aigner
aigner@iska-nuernberg.de
Tel. (09 11) 92 97 17-18
Home
|
Über uns
|
Kontakt
|
Mail-Infos
|
Impressum
|
Datenschutz"
Für Bildungsgerechtigkeit,"Kompetenzzentrum Bildung
                  und Bürgerschaftliches Engagement",https://www.iska-nuernberg.de/zab/bildungbe.html?PHPSESSID=1lv9ejssidn7kk0u2cdl4kt3dp,"Kompetenzzentrum Bildung und Bürgerschaftliches Engagement
Gemeinsam für hochwertige Bildung (Foto: Tanja Elm)
Viele Initiativen, Vereine und Projekte
              widmen sich den Themen Bildung, Bildungsgerechtigkeit und der
              Förderung von Bildungschancen durch freiwilliges Engagement.
              Diese  Einrichtungen und Aktivitäten brauchen gute
              Rahmenbedingungen und Strukturen, um ihre Ziele bestmöglich zu
              erreichen.
Im Zentrum Aktiver Bürger (ZAB) ist deshalb das Projekt
              „Kompetenzzentrum Bildung und Bürgerschaftliches Engagement“
              angegliedert, mit dem die Infrastruktur für diesen Bereich des
              Ehrenamts aktiv unterstützt werden soll.
Dazu gehört z.B. spezielle Bedarfe dieser Engagementszene
              aufzuspüren, Beratungsmöglichkeiten anzubieten und vor allem
              Netzwerkarbeit und Qualifizierung zu leisten. Hinzu kommt das
              Thema ""Service-Learning - Lernen durch Engagement"" in Schulen und
              Hochschulen.
Netzwerkarbeit fördert Hilfe zur Selbsthilfe
Der Bereich Bildung und Bildungsgerechtigkeit ist ein
              vielseitiges Einsatzfeld für Ehrenamtliche, die z.B. in Kitas,
              Schulen, Horten, Nachhilfe- oder Sprachförderprojekten aktiv sind.
              Häufig übernehmen sie eine Pat/innen- oder Mentor/innen-Funktion.
              Hier sollen der Austausch und die Kooperationen zwischen den
              Beteiligten gefördert werden. Zusammen mit der Stadt Nürnberg
              sowie ehrenamtlichen und professionellen Akteuren in der
              Bildungslandschaft wird ein Kompetenznetzwerk zum Thema ""Bildung
              und Bürgerschaftliches Engagement"" aufgebaut.
Qualifizierung von Haupt- und Ehrenamtlichen
Eine weitere Aufgabe des Projekts besteht in der Konzeption,
              Schaffung, Bündelung und Durchführung von themenspezifischen
              Fortbildungsangeboten, die für die gesamte Engagementszene
              Nürnbergs zugänglich sein sollen. Dabei wird nicht nur an die
              Freiwilligen gedacht, die Bildungschancen fördern möchten, sondern
              auch an die (hauptamtlichen) Koordinator/innen in diesem
              Ehrenamtsbereich.
Weitere Infos zum
                Fortbildungsprogramm
Direkter Link zur
                Anmeldung
Unterstützung auch für Schulen
Die Kooperation zwischen Bürgerschaftlichem Engagement und
              Schule ist ein zentraler Punkt bei der sinnvollen und förderlichen
              Gestaltung von unterstützenden Angeboten für Kinder.
              Bildungsfördernde Initiativen und Vereine benötigen Vernetzung
              nicht nur untereinander, sondern auch mit den Schulen. Durch
              zielgerichtete Kooperationen kann Engagement effizient gestaltet
              werden. So kann das Engagement auf die Kinder mit
              Unterstützungsbedarf angepasst werden.
Wir vernetzen Schulen mit bereits aktiven Initiativen, um einen
              geeigneten Kooperationspartner zu finden. Ebenso stellen wir gerne
              Kontakte zu bereits erfahrenen Schulen und Projekten für einen
              hilfreichen Austausch und Beratung her.
MENTOR-Leselernhelfer an Schulen
Ehrenamtliche Mentor/innen fördern Schülerinnen und Schüler mit
              Lese- und Sprachschwierigkeiten ganz individuell nach dem
              bundesweit erfolgreichen Konzept von MENTOR – Die Leselernhelfer
              Bundesverband e.V.
Mit Begeisterung und Empathie und über Themen, die die Kinder
              selbst interessieren, motivieren die Ehrenamtlichen zum Lesen und
              fördern so individuell Lesekompetenz, Textverständnis und die Lust
              am Leben. Die Kinder entdecken, wie sie sich die Welt mit Lesen
              selbst erschließen können.
Hier
gibt es weitere
              Informationen.
Lernlotsen
Wir wollen Schulkinder mit besonderem Förderbedarf unterstützen.
              Dazu werden Freiwillige an Schulen vermittelt, an denen sie
              einzelne Kinder oder kleine Gruppen in Absprache mit der
              Klassenlehrkraft fördern. Gefördert werden sollen Kinder, die im
              Bereich Sprache, Deutsch oder Mathematik Defizite aufweisen
              und/oder von zu Hause keine Hilfe erhalten. Die Förderung soll am
              Vormittag, parallel zum Unterricht durchgeführt werden.
Geben auch sie den Kindern eine (Bildungs-) Chance und beteiligen
              sich ehrenamtlichen an dem
Projekt
                Lernlotsen
!
„Lernen durch Engagement“
Das ZAB-Projekt fördert außerdem ""Service-Learning"" an Schulen.
              Das bundesweit verbreitete Konzept von ""Lernen durch Engagement"" -
              kurz LdE - verbindet schulisches, fachliches Lernen mit
              gesellschaftlichem Engagement. Bei dieser Lehr- und Lernform
              engagieren sich Schülerinnen und Schüler im Rahmen des Unterrichts
              in einem außerschulischen Projekt, eng verbunden mit den
              fachlichen Lerninhalten.
Das jeweilige Engagement-Projekt der Schulklasse ist immer an
              einen gemeinnützigen Partner im Umfeld der Schule gebunden. Das
              Engagement wird im Rahmen des Unterrichts geplant, reflektiert und
              mit dem Bildungs- und Lehrplan verknüpft.
Lernen durch Engagement
Werden sie finanzielle/r Ehrenamtliche/r
Wenn sie unser Projekt unterstützen möchten, aber selbst nicht
              die Zeit haben, sich aktiv für Bildungsgerechtigkeit einzusetzen,
              können Sie uns durch eine Spende unterstützen und uns dadurch
              dabei helfen, Voraussetzungen und Möglichkeiten zu schaffen,
              Kindern ihr Recht auf Bildung und die passende Unterstützung
              zukommen zu lassen.
Spendenseite
                Betterplace
Ansprechpartnerinnen
Dominique Ascherl
ascherl@iska-nuernberg.de
Tel. 0157/85 13 46 39
Bettina Schiebel
schiebel@iska-nuernberg.de
Tel. 0157/77 20 51 45
Home
|
�ber uns
|
Kontakt
|
Mail-Infos
|
Impressum
|
Datenschutz"
Für Bildungsgerechtigkeit,Teamplay,https://www.iska-nuernberg.de/zab/teamplay.html?PHPSESSID=1lv9ejssidn7kk0u2cdl4kt3dp,"Teamplay
Mentoring und Lernförderung können überall
              stattfinden, gerne auch im Freien. (Foto: Tanja Elm)
„Teamwork ist das Geheimnis, mit dem
              gewöhnliche Menschen ungewöhnliche Ergebnisse erreichen können“
              (Ifeanyi Enoch Onuoha). Das Projekt ""Teamplay"" ist vielseitig – es
              verbindet nicht nur ganz unterschiedliche Menschen, sondern auch
              schulisches Lernen mit Spaß und vielfältigen Aktivitäten.
Bei Teamplay werden ehrenamtliche Engagierte mit Schüler/innen,
              vorwiegend aus Grund- und Mittelschulen sowie aus
              Alleinerziehenden-Haushalten, zusammengebracht. Im Mittelpunkt
              steht die ganzheitliche Stärkung von Kindern, Jugendlichen und
              jungen Erwachsenen, die aus verschiedenen Gründen ehrenamtliche
              Unterstützung suchen. Die Treffen finden regelmäßig statt. Der
              zeitliche Umfang und die Inhalte werden individuell vereinbart –
              je nachdem, wie viel Zeit den Teilnehmenden zur Verfügung steht.
„Das Beste an Teamwork ist, dass Dir jemand zur Seite steht.“
              (Margaret Carty)
Beim ""Teamplay"" geht es nicht nur um schulisches „Arbeiten“,
              sondern Spiel, Spaß und Stärkung stehen im Vordergrund. Im
              Vordergrund des ehrenamtlichen Engagements stehen keine konkreten
              Notenerfolge, sondern eine ganzheitliche Stärkung. Besonders
              wichtig ist dabei der Beziehungsaufbau. Die Schüler/innen sollen
              dort unterstützt werden, wo sie es brauchen. Dafür muss man nicht
              zwingend fachliche Fähigkeiten mitbringen – oft reichen ein
              offenes Herz, Ohr und Zeit, die man den Schüler/innen schenkt.
Ganzheitliche Förderung schafft vielseitige Erfolge
Freiwillig Engagierte können Schüler/innen auf ganz
              unterschiedliche Weise unterstützen und damit Erfolge in
              verschiedenen Lebensbereichen erzielen, z.B.:
Zuverlässigkeit, Verbindlichkeit und Pünktlichkeit trainieren,
sprachliche Unterstützung durch kleine Gespräche über
                Interessen oder den Alltag,
durch Lob und Trösten ermutigen und geduldig sein,
Lern- und Organisationsstrukturen im Alltag entwickeln,
soziale Fähigkeiten und Selbstwirksamkeit stärken,
bei Hausaufgaben, Lesen, Schreiben, Rechnen oder anderen
                schulischen Aufgaben helfen,
außerschulisch relevante Fähigkeiten fördern,
bei Problemen helfen, damit der Kopf frei fürs Lernen ist,
Zugänge ermöglichen (Förderprogramme, Vereine, Praktika, Jobs,
                Beratungsstellen etc.),
Freizeitaktivitäten, Ausflüge, Spiele (auch Spielen muss
                gelernt sein),
digitalen Support leisten.
Positive Einflüsse verstärken sich gegenseitig
Letztendlich geht es vor allem darum, den Schüler/innen zu
              zeigen, dass jemand an sie glaubt und ihnen (mindestens sechs
              Monate, gerne längerfristig) zur Seite steht. Dies fördert die
              Widerstandsfähigkeit der jungen Menschen gegenüber
              Herausforderungen in der Schule oder im Alltag. Ganz nebenbei baut
              sich eine positive Lerneinstellung auf und Ängste vor Schulfächern
              und Lerninhalten ab. Das entfaltet eine Wachstumsspirale, die zu
              mehr Eigeninitiative und selbstständigem Lernen führen kann.
Diese Zitate beschreiben passend die Idee von Teamplay:
„Es ist das Erschaffen von Neuem, was glücklich macht. Dabei
              steht die Freude an der Sache im Mittelpunkt, unabhängig davon, ob
              Erfolg eintritt oder nicht.“ (Caterina Fake)
„Fantasie ist wichtiger als Wissen.“ (Albert Einstein)
„Jeder ist ein Genie! Aber wenn du einen Fisch danach
              beurteilst, ob er auf einen Baum klettern kann, wird er sein
              ganzes Leben glauben, dass er dumm ist.“ (Unbekannt)
Verpflichtung zum Schutz der Kinder
Der Schutz von Kindern und Jugendlichen steht in diesem Projekt
              ausdrücklich im Mittelpunkt und wird von uns konsequent beachtet.
              Alle Freiwilligen müssen vor Beginn ihres Einsatzes ein
              erweitertes Führungszeugnis vorlegen (kostenfrei) sowie bei der
              Vermittlung eine Verpflichtung zum Schutz der Kinder oder
              Jugendlichen unterschreiben. Dies dient auch zum Schutz vor
              ungerechtfertigten Verdächtigungen gegenüber den Freiwilligen.
Du willst mitmachen? - So wirst du Teil des Teams
Melde dich
hier
an oder schreibe eine Mail an
schiebel@iska-nuernberg.de
.
              Wir laden dich zu einem ersten Kennenlerngespräch ein – das geht
              auf Wunsch auch digital. Dafür musst du nichts mitbringen und wir
              klären vor Ort alles rund um das Projekt, deine Wünsche,
              Erwartungen und offenen Fragen. Danach vermitteln wir dich an eine
              passende Schülerin oder Schüler.
Die Zustimmung der Schüler/innen und Eltern ist ebenfalls
              Voraussetzung für die Bildung eines Teamplay-Tandems.Ist dies
              alles erledigt, folgt eine vierwöchige Schnupperphase. Zeitlicher
              Umfang und Ort der Treffen werden individuell abgesprochen. Es
              wird klar kommuniziert, dass sich das Engagement auf Unterstützung
              für die/den vermittelten Schüler/in begrenzt.
Hilfestellungen für die Freiwilligen – z.B. durch Informationen,
              Austausch, Räume und Fortbildungsangeboten oder technische
              Ausstattung stehen kostenfrei zur Verfügung. Ausgaben im
              Zusammenhang mit dem Engagement können übernommen werden.
Ansprechpartnerin
Bettina Schiebel
Tel. 0157/77 20 51 45
schiebel@iska-nuernberg.de
Home
|
Über uns
|
Kontakt
|
Mail-Infos
|
Impressum
|
Datenschutz"
Für Bildungsgerechtigkeit,Lernlotsen,https://www.iska-nuernberg.de/zab/lernlotsen.html?PHPSESSID=1lv9ejssidn7kk0u2cdl4kt3dp,"Lernlotsen an Schulen
Gemeinsam für Bildungsgerechtigkeit im Projekt
              ""Lernlotsen"" (Foto: Tanja Elm)
Die Situation an vielen Nürnberger Schulen ist
              angespannt: Die Voraussetzungen, Kenntnisse und Fähigkeiten der
              Schülerinnen und Schüler sind völlig unterschiedlich, trotz
              Differenzierungsmaßnahmen können die Lehrkräfte nicht immer alle
              Kinder erreichen. Um die Schulen in der Förderung zu unterstützen,
              wurde das Projekt „Lernlotsen“ ins Leben gerufen.
Wir wollen Schülerinnen und Schüler mit besonderem Förderbedarf
              unterstützen. Dazu werden Freiwillige an Schulen vermittelt, an
              denen sie ehrenamtlich 2 – 4 Stunden pro Woche einzelne Kinder
              oder kleine Gruppen in Absprache mit der Klassenlehrkraft fördern.
              Aktuell kooperiert das Projekt mit zehn Schulen und soll nach
              Möglichkeit gerne noch erweitert werden. Ziel ist es dass die
              Förderstunden konstant und verlässlich mindestens ein halbes
              Schuljahr durchgeführt werden. Gefördert werden sollen Kinder, die
              im Bereich Sprache, Deutsch oder Mathematik Defizite aufweisen
              und/oder von zu Hause keine Hilfe erhalten. Die Kinder werden von
              den Klassenlehrer:innen empfohlen, die Förderung soll am
              Vormittag, parallel zum Unterricht durchgeführt werden um für die
              Schüler:innen keine extra Belastung darzustellen.
Zielgruppe
Unsere Zielgruppe sind Kinder von Nürnberger Grund- und
              Mittelschulen mit erhöhtem Förderbedarf, die Kinder sind
              entsprechend 6 bis 15 Jahre alt. Die Freiwilligen können
              Student*innen, Berufstätige oder Rentner*innen sein und sollten
              gute Deutschkenntnisse besitzen so wie nach Absprache die nötigen
              fachlichen Kenntnisse für die jeweilige Förderung.
Aufgaben der Freiwilligen
Die Förderung findet regelmäßig und im besten Fall über ein
                ganzes Schuljahr statt.
Grundsätzlich ist die „Förderstunde“ in den Schulalltag
                integriert und findet während der Unterrichtszeit und in Räumen
                der Schule, des angeschlossenen Hortes oder der
                Nachmittagsbetreuung statt.
Die Aufsichtspflicht wird für diese Zeit auf den/die
                Freiwillige/n übertragen.
Vorgespräch mit der Lehrkraft über relevante Ansatzpunkte zur
                Förderung der betreffenden Schulkinder und über den Ablauf der
                „Förderstunde“ (eigenständige Aufgabenbeschaffung oder von
                Lehrkraft vorgegeben etc.).
Die Freiwilligen üben und vertiefen den behandelten
                Unterrichtsstoff mit den einzelnen Schulkiindern oder in einer
                Kleingruppe.
Regelmäßige kurze Absprache mit den Lehrkräften über die zu
                fördernden Themen und Schwerpunkte.
Vorbereitung und Durchführung geeigneter Übungen zum
                jeweiligen Förderkontext oder Durchführung von der Lehrkraft
                vorgegebener Aufgaben (je nach Absprache mit der Lehrkraft).
Helfen, Erklären, Unterstützen zum Verständnis des
                Lerninhaltes.
Ein offenes Ohr haben und Ansprechpartner für die Kinder sein.
Motivation sich mit Lerninhalten auseinanderzusetzen, um diese
                vermitteln und deren Verständnis fördern zu können.
Die Freiwilligen verpflichten sich Terminänderungen/-absagen
                rechtzeitig telefonisch oder per E-Mail mitzuteilen.
Geben auch Sie den Kindern eine (Bildungs-)Chance - beteiligen
              Sie sich ehrenamtlich an dem Projekt Lernlots/innen!
Verpflichtung zum Schutz der Kinder
Verpflichtung zum Schutz der KinderDer Schutz von Kindern und
              Jugendlichen steht in diesem Projekt ausdrücklich im Mittelpunkt
              und wird von uns konsequent beachtet. Alle Freiwilligen müssen vor
              Beginn ihres Einsatzes ein erweitertes Führungszeugnis vorlegen
              (kostenfrei) sowie bei der Vermittlung eine Verpflichtung zum
              Schutz der Kinder oder Jugendlichen unterschreiben. Dies dient
              auch zum Schutz vor ungerechtfertigten Verdächtigungen gegenüber
              den Freiwilligen.
Ansprechpartnerin
Bettina Schiebel
Tel. 0157/77 20 51 45
schiebel@iska-nuernberg.de
Home
|
Über uns
|
Kontakt
|
Mail-Infos
|
Impressum
|
Datenschutz"
Für Bildungsgerechtigkeit,Leselernhelfer,https://www.iska-nuernberg.de/zab/leselernhelfer.html?PHPSESSID=1lv9ejssidn7kk0u2cdl4kt3dp,"MENTOR Nürnberg - Leselernhelfer in Schulen
Gemeinsam ein Buch lesen, macht
              besonders viel Spaß  (Foto: Andreas Endermann)
07.10.2019 - Ehrenamtliche Mentoren fördern
              Schülerinnen und Schüler mit Lese- und Sprachschwierigkeiten ganz
              individuell nach dem bundesweit erfolgreichen Konzept von MENTOR –
              Die Leselernhelfer Bundesverband e.V.
Ein Viertel der Kinder in der vierten Klasse erreicht beim Lesen
              nicht den international festgelegten Mindeststandard, der für das
              weitere erfolgreiche Lernen nötig wäre. Das ermittelte die letzte
              Internationale-Grundschul-Lese-Untersuchung (IGLU-Studie 2021).
              Aus diesem Ergebnis lässt sich ein erhöhter individueller
              Lese-Förderbedarf für Grundschulkinder ableiten.
Das MENTOR-Prinzip
Um diesem Problem zu begegnen, hat der Bundesverband des Vereins
              ""Die Leselernhelfer"" das Unterstützungskonzept MENTOR entwickelt.
              Dabei gehen Freiwillige direkt in Schulen und übernehmen eine
              Lese-Patenschaft für eine Schülerin oder einen Schüler.
Die Mentorenbeziehung besteht mindestens ein Schuljahr lang.
              Während einer Unterrichtsstunde pro Woche schenken die
              Ehrenamtlichen im 1:1-Prinzip Zeit und Zuwendung und gehen auf ihr
              „Lesekind“ gezielt ein. Dabei geht es nicht um Nachhilfe im
              Unterrichtsstoff, sondern ums gemeinsame Lesen.
Individuelle, langfristige und nachhaltige Förderung
Mit Begeisterung und Empathie und über Themen, die die Kinder
              selbst interessieren, motivieren die Ehrenamtlichen zum Lesen und
              fördern so individuell Lesekompetenz, Textverständnis und die Lust
              am Leben. Die Kinder entdecken, wie sie sich die Welt mit Lesen
              selbst erschließen können.
Einführung und Fortbildung der Leselernhelfer
Das Mentoring ist eine sinnvolle, sinnstiftende und
              verantwortungsvolle Aufgabe. Um die Leselernhelfer bestmöglich auf
              ihr Engagement mit den Kindern vorzubereiten, beinhaltet das
              MENTOR-Konzept eine Qualifizierung der Ehrenamtlichen. Sie nehmen
              an Seminaren teil und erhalten Lesematerialien vom Bundesverband
              MENTOR.
Die Initiative ""MENTOR Nürnberg“ kooperiert mit dem ZAB
Das bundesweit erfolgreiche Konzept soll nun auch in Nürnberger
              Schulen umgesetzt werden. Das ZAB bietet den organisatorischen
              Rahmen während des Projektaufbaus. Die Initiativgruppe ""MENTOR -
              Nürnberg"" übernimmt die Koordination der ehrenamtlichen
              Mentorinnen und Mentoren. Dazu gehören die Qualifizierung und
              Einarbeitung der Freiwilligen, deren Austausch und die
              Einsatzplanung.
Ansprechpartner der Initiativgruppe:
Peter Gruber,
info@mentor-nuernberg.de
weiterführende Informationen:
www.mentor-nuernberg.de
Förderung durch das bayerische Sozialministerium
Das Projekt wird gefördert durch das Programm
              ""eins:eins_Patenschaften"", das die Landesarbeitsgemeinschaft der
              Freiwilligenagenturen Bayern mit Mitteln des bayerischen
              Staatsministeriums für Familie, Arbeit und Soziales koordiniert.
Ansprechpartnerin
Bettina Schiebel
Tel. 0157/77 20 51 45
schiebel@iska-nuernberg.de
Home
|
Über uns
|
Kontakt
|
Mail-Infos
|
Impressum
|
Datenschutz"
Für Bildungsgerechtigkeit,Digiteers,https://www.iska-nuernberg.de/zab/digiteers.html?PHPSESSID=1lv9ejssidn7kk0u2cdl4kt3dp,"Digiteers - Digitale Befähigung im Bildungsprozess
Das Projekt ""Digiteers"" wurde 2022 vom bayerischen
              Innenminister Dr. Joachim Herrmann mit dem mittefränkischen
              Integrationspreis ausgezeichnet. (Foto: Regierung von
              Mittelfranken)
Das Projekt ""Digiteers"" will bei der
              zunehmenden Digitalisierung im Bildungsbereich durch den Verleih
              von gespendeten Computern zur Chancengleichheit beitragen.
Mit der Corona-Pandemie bekam auch das Thema Digitalisierung im
              Bildungsbereich und Berufsleben große Bedeutung. Es hat sich
              gezeigt, dass soziale und digitale Teilhabe zunehmend miteinander
              verschmelzen. Dabei hängen die Zugangsmöglichkeiten vor allem von
              der technischen Ausstattung, der digitalen Infrastruktur und
              Digitalkompetenzen ab. Aus diesem Grund riefen die Stabstelle
              „Bürgerschaftliches Engagement und Corporate Citizenship“ im
              Referat für Jugend, Familie und Soziales der Stadt Nürnberg,
              Rotary Club Nürnberg-Connect und die inopia foundation im Jahr
              2021 das Projekt ""Digiteers"" ins Leben. Seit Herbst 2023 ist das
              Projekt an das ZAB angeschlossen.
Ein Ehrenamtsprojekt für die digitale Befähigung von Kindern, 
              Jugendlichen und jungen Erwachsenen in Bildungsprozessen
Ziel des Projektes ""Digiteers"" ist es, die digitale Teilhabe und
              Befähigung für Kinder, Jugendliche und jungen Erwachsenen in
              Bildungsmaßnahmen (Weiterbildungen, Sprach- und Integrationskurse)
              mit Unterstützung von engagierten Freiwilligen und unseren
              Partnern zu ermöglichen. Auch gemeinnützige Organisationen können
              sich an uns wenden. Daraus ergeben sich folgende Aufgaben:
Spenden-Annahme von gebrauchten Geräten
Aufbereitung der Geräte inkl. nötiger Software
Hilfestellungen bei der Einführung in die digitale Nutzung
                und Bedienung
Geldspenden-Annahme für die Unterstützung der ehrenamtlichen
                Arbeit
Sie möchten einen Laptop spenden?
Wir sammeln Laptops und Zubehör (u.a. Mäuse, Festplatten,
              Webcams, Headsets, Lan-Kabel) von Unternehmen und Privatpersonen
              auf Spendenbasis. Wir bereiten die Geräte auf und geben diese an
              Bedürftige mit Nürnberg-Pass weiter.
Bitte informieren Sie uns vorab via E-Mail an
digiteers@iska-nuernberg.net
,
              welches Gerät (Gerätebezeichnung, Modell und wenn möglich
              Informationen zum Arbeitsspeicher und zum Prozessor) Sie spenden
              möchten oder kommen Sie direkt in unserem Projektbüro vorbei.
Bevorzugt nehmen wir Gerätespenden in größerer Zahl von Firmen
              entgegen. Hierfür stellen wir gerne eine Spendenbescheinigung aus.
              Für Firmenspenden gibt es ein eigenes
Erfassungsformular
                zum Download.
Sie benötigen einen Computer?
Bedarfe können per E-Mail an
digiteers@iska-nuernberg.net
gemeldet werden. Bei vielen Anfragen kann es zu Wartezeiten kommen
              - wir danken für Ihre Geduld.
Für die Versorgung von Schülerinnen und Schülern mit Hard- und
              Software ist grundsätzlich die Schule (Land und Kommune)
              zuständig. Das heißt:
Individuelle Bedarfe sind zunächst bei der jeweiligen Schule
                anzumelden.
Für Fälle, wo dies erschwert ist oder nicht funktioniert, hat
                das städtische Schulreferat eine Kontakt-E-Mail eingerichtet, an
                die sich Betroffene - aber auch Dritte für die Betroffenen -
                melden können:
digitale-schule@stadt.nuernberg.de
.
Digiteers vor Ort
Freiwillige von Digiteers sind normalerweise donnerstags von
              16:30 - 18:00 Uhr im ""Klara - Zentrum für Beratung und
              Engagement"", Klaragasse 3, 90402 Nürnberg, anzutreffen. Wir bitten
              jedoch, einen Termin zu vereinbaren über
digiteers@iska-nuernberg.net
.
Weitere Informationen
Antworten auf die häufigsten Fragen zur Ausstattung der Geräte,
              bevorzugter Hardware, verwendeten Programmen, Spenden etc.
              erhalten Sie
hier
.
Sie möchten sich freiwillig im Projekt ""Digiteers"" engagieren?
Die Einsatzmöglichkeiten sind vielfältig:
An- und Abtransport von Geräten
Aufarbeitung gebrauchter Geräte
technische Unterstützung zu digitalen Fragen oder bei der
                Einführung der Geräte
Wenn Sie Interesse an einer ehrenamtlichen Mitarbeit haben,
              senden Sie uns eine E-Mail an
zab@iska-nuernberg.de.
Wir nehmen bei konkreten
              Einsatzmöglichkeiten mit Ihnen Kontakt auf.
Ansprechpartnerin
Beate Wittich
wittich@iska-nuernberg.de
Tel. (09 11) 92 97 17-0 / -10
Home
|
Über uns
|
Kontakt
|
Mail-Infos
|
Impressum
|
Datenschutz"
Für Bildungsgerechtigkeit,Lernen durch Engagement,https://www.iska-nuernberg.de/zab/ldeinfo.html?PHPSESSID=1lv9ejssidn7kk0u2cdl4kt3dp,"Lernen durch Engagement
Informationsmaterial und Handreichungen zu ""Lernen
              durch Engagement"". (Foto: Tanja Elm)
Selbst Inhalte zu erarbeiten, direkt an der
              Planung von Unterricht beteiligt zu sein und mit den
              Mitschüler/innen an einem Strang zu ziehen, macht schulisches
              Lernen schöner, spannender und eingängiger. Wenn dann noch ein
              Engagement für die Gesellschaft damit verknüpft ist, motiviert das
              umso mehr. Hier setzt „Lernen durch Engagement“ an.
Was ist „Lernen durch Engagement“?
Die Lehr- und Lernform „Lernen durch Engagement“ (kurz: LdE)
              schafft eine Verbindung zwischen freiwilligem Engagement von
              Schüler/innen und fachlichem Lernen. In diesem Rahmen engagieren
              sich Schulklassen innerhalb des Unterrichts und eng verbunden mit
              aktuellen Lehrplaninhalten. So entsteht ein erfahrungsbasierter
              Projektunterricht, der die Schüler/innen in ihrer Motivation und
              Offenheit für die Lerngegenstände stärkt. Gleichzeitig erleben sie
              auf diese Weise, wie wertvoll es ist, sich für die Gesellschaft
              einzusetzen.
Das Engagement wird gemeinsam im Unterricht geplant und
              reflektiert. Es erfolgt für und in Zusammenarbeit mit einer
              gemeinnützigen Partnerorganisation im sozialen Umfeld der Schule.
              Die Lehrkraft sorgt dafür, dass es mit Inhalten der
              kompetenzorientierten Bildungs- und Lehrpläne verknüpft ist, die
              viele Ansatzpunkte bieten. LdE ist für alle Schularten geeignet,
              wie die folgenden Beispiele zeigen.
Konkrete Beispiele für LdE-Projekte
Grundschulprojekt in einer Seniorentagespflege
Inhalte aus Deutsch und Mathematik fließen in das Engagement
                einer nahe gelegenen Tagespflege ein, in der die Schüler/innen
                ein selbstgestaltetes Gedächtnistraining, Bewegungsspiele,
                Vorlesen und musikalische Einlagen anbieten.
Lesepaten-Projekt einer Förderschulklasse
Dritt- und Viertklässler/innen einer Förderschule befassen sich
                mit Sprachförderung und setzen ihr Wissen in einem
                Lesepatenprojekt um, das sie in einer integrativen Kita selbst
                durchführen.
Streetwork-Projekt einer Mittelschule
In Biologie setzen sich Achtklässler/innen mit dem Thema „Drogen
                und Sucht“ auseinander. In einer Streetwork-Einrichtung
                engagieren sie sich auf verschiedene Weise für andere
                Jugendliche, die sich in schwierigen Lebenssituationen befinden.
Interkultureller Schwimmkurs von Realschüler/innen
Im Sportunterricht werden Methoden erarbeitet, die helfen, das
                Brustschwimmen zu vermitteln. In Sozialkunde, Geschichte und
                Religion werden parallel interkulturelle Themen behandelt, wie
                Diversität in Kultur und Religion. Die Realschüler/innen bringen
                daraufhin geflüchteten Kindern einer Gemeinschaftsunterkunft das
                Schwimmen bei.
""Gymnasium goes Lebenshilfe-Werkstätten""
Im Deutschunterricht lernen Gymnasialschüler/innen eine
                Werkstatt der Lebenshilfe kennen. Aus den Gesprächen mit
                langjährigen Mitarbeiter/innen mit Handicap über deren
                Biografien entstehen Dokumentationen über die berichteten
                Lebensverläufe, die in einem Stadtteilzentrum ausgestellt
                werden.
Corporate-Design durch Berufsschüler/innen
Im Rahmen des Deutsch- und Informatikunterrichts einer
                Berufsschulklasse wird das Thema Corporate Identity behandelt.
                Hinzu kommt ein intensiver Kontakt mit der ansässigen Diakonie,
                für die ein Social-Media-Konzept inklusive Instagram-Auftritt
                entwickelt wird.
Hier finden Sie
weitere Beispiele
nach Themen und
              Schulstufen sortiert.
Die sechs Qualitätsstandards von LdE
Die Wirkung von LdE wurde in der Praxis und in der Forschung
              vielfach bewiesen. Sowohl Schülerinnen und Schüler, Lehrkräfte und
              die Schule als auch die Gesellschaft profitieren davon. Allerdings
              ist es für den Erfolg entscheidend, dass die pädagogische
              Umsetzung bestimmten Kriterien folgt. Zu diesem Zweck gibt es
              sechs Qualitätsstandards, die in jedem LdE-Projekt beachtet werden
              sollten:
1. Realer Bedarf: Das Engagement gut vorbereiten
Das Engagement der Schüler/innen reagiert grundsätzlich auf
              gesellschaftliche Bedürfnisse, die wirklich bestehen und gedeckt
              werden müssen. Sie übernehmen dabei Aufgaben, die von allen
              Beteiligten als sinn- und bedeutungsvoll wahrgenommen werden.
              Dabei erfahren sie sich auch selbst als wirksam.
2. Curriculare Anbindung: Den Unterricht mit LdE planen und
                gestalten
Zu jedem LdE-Projekt gehört, dass das Engagement mit
              Lehrplaninhalten und Kompetenzen aus dem Bildungsplan verknüpft
              wird. Damit ist es kein Add-On, sondern kann und soll in den
              alltäglichen Unterricht integriert werden.
3. Reflexion: Lernen und Engagement verbinden
Wichtig ist eine regelmäßige und bewusste Reflexion der
              Erfahrungen der Schüler/innen. So werden die gelernten Inhalte
              noch einmal verfestigt und das „Lernen lernen“ wird gestützt.
              Hierfür gibt es hilfreiche Materialien, die wir gern
              bereitstellen, um die Umsetzung zu erleichtern.
4. Partizipation von Schüler/innen: Teilhabe ermöglichen und
                begleiten
LdE-Projekte werden aktiv von den Schüler/innen selbst geplant,
              vorbereitet und ausgestaltet. Sie sollen in allen Phasen des
              Projekts echte Teilhabe erfahren, indem sie aktiv mitbestimmen,
              Entscheidungen treffen, ihre Ideen einbringen und diese umsetzen.
              Das steigert nicht nur die Motivation, sondern auch den
              Lerngewinn.
5. Engagement außerhalb der Schule: Mit Engagementpartnern
                zusammenarbeiten
LdE-Projekte verbleiben nicht im eigenen Schulkosmos, sondern sind
              vom Engagement für Akteure außerhalb der Schule geprägt -
              möglichst in Form einer aktiven Zusammenarbeit. Das ermöglichst
              einen konkreten Praxisbezug und stärkt die Vernetzung der Schule.
              Wir als LdE-Kompetenzzentrum vermitteln bei Bedarf gern
              entsprechende Partner.
6. Anerkennung und Abschluss: Das Engagement aller Beteiligten
                wertschätzen
Wichtig ist, dass das Engagement und die damit verbundenen
              Leistungen der Schüler/innen gewürdigt werden. Das sollte nicht
              nur durch entsprechendes Feedback während der Projektdurchführung
              geschehen, sondern auch im Rahmen eines anerkennenden Abschlusses.
              So entsteht Raum für gegenseitigen Dank und um das Engagement
              sichtbar zu machen. Häufig gestalten die Schüler/innen die
              Abschlussveranstaltung selbständig.
LdE-Schulbegleiter/innen des ZAB
Wer LdE in die eigene Schulgemeinschaft einbringen möchte,
              bekommt tatkräftige Unterstützung von uns. Leider können wir diese
              Unterstützung nicht mehr kostenlos erbringen, da die Förderung
              durch das Sozialministerium ausgelaufen ist. Falls Sie Interesse
              an einer Begleitung haben, sprechen Sie uns an!
Wir geben fachliche Beratung hinsichtlich aller Fragen rund um
                LdE und die konkreten Umsetzungsmöglichkeiten in Ihrer Klasse
                oder Schule.
Wir kommen in den Unterricht, um bei der Initiierung des
                Projekts oder bei der Reflexion zu helfen. Auch die
                Abschlussveranstaltung besuchen wir auf Wunsch gerne.
Wir unterstützen während der Projektdurchführung bei
                aufkommenden Fragen, Problemen oder Austauschbedarf.
Wir beraten Sie gerne bei der Einbettung des LbE in die
                Schulgemeinschaft im Sinne der Schulentwicklung.
Wir helfen bei der Suche nach Finanzquellen, falls Sachmittel
                für die Umsetzung fehlen.
Wir halten bei Interesse Informationsveranstaltungen und
                Fortbildungen über LdE an Ihrer Schule, um das Kollegium über
                dieses Format aufzuklären und die spätere Umsetzung zu
                erleichtern.
Informative Webseiten zu LdE
Das
Staatsinstitut für Schulqualität und
                  Bildungsforschung
zum Thema LdE
Eine Materialsammlung für die Umsetzung, bereitgestellt von
                der
Siemens-Stiftung
Die Seite unseres bundesweit tätigen Netzwerkpartners und
                ideellen Förderers
Stiftung „Lernen durch Engagement“
Ansprechpartnerin
Bettina Schiebel
Tel. 0157/77 20 51 45
schiebel@iska-nuernberg.de
Home
|
Über uns
|
Kontakt
|
Mail-Infos
|
Impressum
|
Datenschutz"
Für Inklusion,Inklusiv aktiv,https://www.iska-nuernberg.de/zab/inklusion.html?PHPSESSID=1lv9ejssidn7kk0u2cdl4kt3dp,"Inklusion und Engagement
Engagement ist bunt - Buttons bei einem Infostand
              zu inklusivem Engagement (Foto: Tanja Elm)
Nicht für alle Menschen ist es einfach , ein
              passendes Ehrenamt zu finden. Menschen mit besonderen
              Voraussetzungen oder Einschränkungen, wie einer Behinderung oder
              wenig Deutschkenntnissen, stoßen häufig erst einmal auf Barrieren.
              Mit unserem Projekt ""Inklusiv aktiv"" helfen wir diese zu
              überwinden.
Das Zentrum Aktiver Bürger einer von 11 Standorten, die sich am
            Programm
""
Inklusion und Teilhabe durch
                  Engagement
""
beteiligen. Mit dem Projekt
            möchten wir Inklusion als positives Erleben von Unterschieden
            begreifbar machen. Inklusion ist ein Prozess - jeder kleine Schritt
            in die richtige Richtung ist wertvoll. Wir möchten zeigen, dass sich
            durch gemeinsames Handeln unkonventionelle Lösungen ergeben oder
            erwartete Schwierigkeiten als völlig unproblematisch herausstellen
            können.
Sensibilisieren – informieren - gemeinsam engagieren
Wir beraten daher nicht nur Menschen mit Behinderung, die an
              einem Engagement interessiert sind, sondern auch Einrichtungen,
              die Hürden abbauen und barrierefreier werden möchten. Neben
              inklusiver Engagementberatung bilden wir Engagementandems oder
              bieten Fortbildungen für Einrichtungen an. Außerdem wird es eine
              Übersicht über Einsatzstellen geben, die bei bestimmten
              Anforderungen an Barrierefreiheit geeignet sind.
Beratung zu inklusivem Engagement
Wir freuen uns über alle, die Interesse an einem freiwilligen
              Engagement haben und bemühen uns für jede und jeden die richtige
              Einsatzstelle zu finden. Auf Wunsch suchen wir für Sie gerne eine
              Tandempartnerin oder einen Tandempartner.
Für Interessierte bieten wir folgende Beratungsmöglichkeiten:
Im ""Klara - Zentrum für Beratung und Engagement"", Klaragasse
                3, Mittwoch, 11:00 - 16:00 Uhr und Donnerstag, 16:00 - 18:00 Uhr
                - Zugang über Rampe.
Im Mehrgenerationenhaus Schweinau, Schweinauer Hauptstraße
                31, nach Terminvereinbarung - Zugang über Rampe.
In der ZAB-Zentrale in der Gostenhofer Hauptstraße 63 können
                Sie ebenfalls einen individuellen Beratungstermin mit uns unter
                (09 11) 92 97 170 vereinbaren. Beratungen sind hier auch
                außerhalb unserer Öffnungszeiten möglich - das Büro ist nicht
                barrierefrei.
Wir beraten auch über Videochat - dafür benötigen Sie
                lediglich ein Smartphone, ein Tablet oder einen PC mit Kamera.
                Den Zugangslink erhalten Sie nach der Terminvereinbarung per
                E-Mail.
Nächste Veranstaltungen
Um das Thema ""Inklusion und Engagement"" weiter in die
              Öffentlichkeit zu tragen, finden im Herbst zwei Veranstaltungen
              statt:
Bayernweiter inklusiver Freiwilligentag am 5. Oktober (
Mehr
)
Inklusiver Engagementtag am 22. Novmber (
Mehr
)
Ansprechpartnerin
Beate Wittich
wittich@iska-nuernberg.de
Tel. (09 11) 92 97 17-0 / -10
Home
|
Über uns
|
Kontakt
|
Mail-Infos
|
Impressum
|
Datenschutz"
Für das ZAB,Engagementberater-Team,https://www.iska-nuernberg.de/zab/engagementberatung.html?PHPSESSID=1lv9ejssidn7kk0u2cdl4kt3dp,"Engagementberatung
Engagementberatung im ""Klara - Zentrum für
              Engagement und Beratung"" (Foto: Gulia Iannicelli/Stadt
              Nürnberg)
Die ehrenamtlichen Engagementberaterinnen und
              -berater des ZAB informieren über Einsatzstellen und beraten
              Interessierte an einem Ehrenamt.
Die geschulten Engagementberaterinnen und -berater des ZAB 
              beraten Menschen, die auf der Suche nach einem Engagement in
              Nürnberg sind – in der ZAB-Zentrale in Gostenhof sowie in der
              Freiwilligen-Info im Klara - Zentrum für Beratung und Engagement
              in der Klaragasse 3.
Freiwillige des Vermittlungsteams beraten bei Besuchen vor Ort
              auch gemeinnützige Einrichtungen, die ihre Einsatzfelder in unsere
Bürgernetz-Datenbank
aufnehmen
              lassen möchten.
Auch die Pflege der Datenbank ist Aufgabe des Vermittlungsteams.
Ansprechpartnerin
Beate Wittich
wittich@iska-nuernberg.de
Tel. (09 11) 92 97 17-0 / -10
Home
|
Über uns
|
Kontakt
|
Mail-Infos
|
Impressum
|
Datenschutz"
Für das ZAB,Büroteam,https://www.iska-nuernberg.de/zab/bueroteam.html?PHPSESSID=1lv9ejssidn7kk0u2cdl4kt3dp,"Büroteam
Unsere Ehrenamtliche Elfi Loch in der
              ZAB-Zentrale (Foto: Tanja Elm)
Herz des Zentrums Aktiver Bürger (ZAB) ist das
              ehrenamtliche Büroteam. Hier sind Erfahrungen mit PC und
              Büroorganisation gefragt.
Unsere ehrenamtlichen Büro-Mitarbeiterinnen und -Mitarbeiter
              nehmen eingehende Anrufe entgegen, beantworten Briefe und E-Mails.
              Besonders das persönliche Gespräch am Telefon ist wichtig und
              erfordert oft großes Einfühlungsvermögen.
Das Büroteam unterstützt die anderen ZAB-Projekte. Einige
              Büro-Mitarbeiter und -Mitarbeiterinnen sind an weiteren Projekten
              beteiligt und informieren Interessenten rund ums Ehrenamt. Immer
              wieder bieten sie PC-Schulungen zu Daten- und Textverarbeitung
              sowie Internet an.
Ansprechpartner
Ralph Zitzelsberger
zitzelsberger@iska-nuernberg.de
Tel. (09 11) 92 97 17-17
Home
|
Über uns
|
Kontakt
|
Mail-Infos
|
Impressum
|
Datenschutz"
